model,week,n,mape_pct,peak_mape_pct,trigger_mape_gt6,trigger_peak_mape_gt8
XGBoost_ONNX,2020-01-13/2020-01-19,119,1.902461025006041,1.061111728317315,False,False
XGBoost_ONNX,2020-01-20/2020-01-26,168,1.6572781857117067,1.7110556312485765,False,False
XGBoost_ONNX,2020-01-27/2020-02-02,168,1.3825200146207388,1.0561791635800657,False,False
XGBoost_ONNX,2020-02-03/2020-02-09,168,1.1612102857732116,0.45036719849918655,False,False
XGBoost_ONNX,2020-02-10/2020-02-16,168,1.1098345147675512,0.8392013297348394,False,False
XGBoost_ONNX,2020-02-17/2020-02-23,168,1.0667226126989773,1.075793541546043,False,False
XGBoost_ONNX,2020-02-24/2020-03-01,168,0.8981112888012918,0.9308331520619251,False,False
XGBoost_ONNX,2020-03-02/2020-03-08,168,0.957320113875147,0.9977298386464298,False,False
XGBoost_ONNX,2020-03-09/2020-03-15,168,1.6644903466625227,1.0432254629118765,False,False
XGBoost_ONNX,2020-03-16/2020-03-22,168,1.0838662779443438,1.000855236353122,False,False
XGBoost_ONNX,2020-03-23/2020-03-29,168,3.7938491648246133,1.927578118722072,False,False
XGBoost_ONNX,2020-03-30/2020-04-05,168,3.494344423336606,6.276813704201674,False,False
XGBoost_ONNX,2020-04-06/2020-04-12,168,3.020761072418858,1.7546059717934441,False,False
XGBoost_ONNX,2020-04-13/2020-04-19,168,2.407910565848926,1.172632662629283,False,False
XGBoost_ONNX,2020-04-20/2020-04-26,168,2.120642624779983,1.4159483363632839,False,False
XGBoost_ONNX,2020-04-27/2020-05-03,168,1.660825487100039,1.254455423778714,False,False
XGBoost_ONNX,2020-05-04/2020-05-10,168,1.6142260437084648,0.7036015304297736,False,False
XGBoost_ONNX,2020-05-11/2020-05-17,168,1.6165348415322527,1.0799060132774112,False,False
XGBoost_ONNX,2020-05-18/2020-05-24,168,1.4691237915409578,0.7170204157511417,False,False
XGBoost_ONNX,2020-05-25/2020-05-31,168,1.3463292579642543,0.9240081295727121,False,False
XGBoost_ONNX,2020-06-01/2020-06-07,168,2.028748298280884,1.4862614449036138,False,False
XGBoost_ONNX,2020-06-08/2020-06-14,168,1.9355736161014152,1.2709914815650716,False,False
XGBoost_ONNX,2020-06-15/2020-06-21,168,1.5769351796527515,0.8732607226792406,False,False
XGBoost_ONNX,2020-06-22/2020-06-28,168,1.2747756929759704,1.1086059011562397,False,False
XGBoost_ONNX,2020-06-29/2020-07-05,168,1.4591846784636628,1.3337129908545324,False,False
XGBoost_ONNX,2020-07-06/2020-07-12,168,2.0664766608974325,1.1112558703906856,False,False
XGBoost_ONNX,2020-07-13/2020-07-19,168,1.7370810170726547,1.2889112063854462,False,False
XGBoost_ONNX,2020-07-20/2020-07-26,168,1.1973845995516728,0.7894592126768671,False,False
XGBoost_ONNX,2020-07-27/2020-08-02,168,0.9394529452439204,0.7211257702459577,False,False
XGBoost_ONNX,2020-08-03/2020-08-09,168,1.9291116469144658,1.5594478921540267,False,False
XGBoost_ONNX,2020-08-10/2020-08-16,168,2.762562757346244,2.0349950275463797,False,False
XGBoost_ONNX,2020-08-17/2020-08-23,168,1.9595651631493545,1.0619712365200646,False,False
XGBoost_ONNX,2020-08-24/2020-08-30,168,2.092269154330056,0.8859868801674919,False,False
XGBoost_ONNX,2020-08-31/2020-09-06,168,1.4740160192605465,1.1361165253279637,False,False
XGBoost_ONNX,2020-09-07/2020-09-13,168,0.9335876299030779,0.7912448103732745,False,False
XGBoost_ONNX,2020-09-14/2020-09-20,168,1.1541606859152311,0.7948499952823638,False,False
XGBoost_ONNX,2020-09-21/2020-09-27,168,0.974611858168265,0.9275821336076998,False,False
XGBoost_ONNX,2020-09-28/2020-10-04,168,0.9307558552727937,1.1156851677411168,False,False
XGBoost_ONNX,2020-10-05/2020-10-11,168,0.9907512451597917,1.3809867535332345,False,False
XGBoost_ONNX,2020-10-12/2020-10-18,168,0.9635170951945712,1.2326662296173607,False,False
XGBoost_ONNX,2020-10-19/2020-10-25,168,0.9551252998784808,1.2596558401947937,False,False
XGBoost_ONNX,2020-10-26/2020-11-01,168,1.0123129418187402,1.6726874161546514,False,False
XGBoost_ONNX,2020-11-02/2020-11-08,168,1.0658230950979604,1.8024980597659075,False,False
XGBoost_ONNX,2020-11-09/2020-11-15,168,1.917288827078783,1.1560642686834115,False,False
XGBoost_ONNX,2020-11-16/2020-11-22,168,1.8942627370479137,0.8823045971323511,False,False
XGBoost_ONNX,2020-11-23/2020-11-29,168,1.3137926210470159,0.7124041261915953,False,False
XGBoost_ONNX,2020-11-30/2020-12-06,168,0.9272921833292995,0.5048219954282557,False,False
XGBoost_ONNX,2020-12-07/2020-12-13,168,1.110649690585259,0.6148456105019309,False,False
XGBoost_ONNX,2020-12-14/2020-12-20,168,1.4096782382696151,0.9927625067014075,False,False
XGBoost_ONNX,2020-12-21/2020-12-27,168,1.2765353786107907,1.0223333831111858,False,False
XGBoost_ONNX,2020-12-28/2021-01-03,168,1.7968905552413001,1.3197103881414491,False,False
XGBoost_ONNX,2021-01-04/2021-01-10,168,1.4836736291553327,0.8255331405727812,False,False
XGBoost_ONNX,2021-01-11/2021-01-17,168,2.001805155871143,1.6552615507560455,False,False
XGBoost_ONNX,2021-01-18/2021-01-24,168,1.350164353871437,1.2279293787997303,False,False
XGBoost_ONNX,2021-01-25/2021-01-31,168,1.3321751757869174,1.57738310709991,False,False
XGBoost_ONNX,2021-02-01/2021-02-07,168,1.124830764927835,1.1376136056301873,False,False
XGBoost_ONNX,2021-02-08/2021-02-14,168,1.1711463159929985,1.260888556375602,False,False
XGBoost_ONNX,2021-02-15/2021-02-21,168,0.9679995078060518,1.674117571219068,False,False
XGBoost_ONNX,2021-02-22/2021-02-28,168,1.2730636786334781,1.6317195509153342,False,False
XGBoost_ONNX,2021-03-01/2021-03-07,168,1.0197325754292534,0.7106900526267186,False,False
XGBoost_ONNX,2021-03-08/2021-03-14,168,1.124176492068491,1.1336174025902956,False,False
XGBoost_ONNX,2021-03-15/2021-03-21,168,1.0796068026647014,0.5958772166256209,False,False
XGBoost_ONNX,2021-03-22/2021-03-28,168,1.2425110199797016,1.0280415878004152,False,False
XGBoost_ONNX,2021-03-29/2021-04-04,168,1.7327397858628641,1.0581381969038193,False,False
XGBoost_ONNX,2021-04-05/2021-04-11,168,1.2142270998426554,0.5922578889130021,False,False
XGBoost_ONNX,2021-04-12/2021-04-18,168,1.2159511893456034,0.6181762435223904,False,False
XGBoost_ONNX,2021-04-19/2021-04-25,168,1.1155745499600875,0.8636897477195282,False,False
XGBoost_ONNX,2021-04-26/2021-05-02,168,1.3168095345722592,0.8669865076409047,False,False
XGBoost_ONNX,2021-05-03/2021-05-09,168,1.2662117638252341,0.9854637331146046,False,False
XGBoost_ONNX,2021-05-10/2021-05-16,168,1.3079538055000455,1.0465855268361903,False,False
XGBoost_ONNX,2021-05-17/2021-05-23,168,3.542353983920829,1.4576286481521277,False,False
XGBoost_ONNX,2021-05-24/2021-05-30,168,0.9840352660113405,1.222523377255462,False,False
XGBoost_ONNX,2021-05-31/2021-06-06,168,1.2501990296675023,1.4065225584951846,False,False
XGBoost_ONNX,2021-06-07/2021-06-13,168,1.279417086380399,1.4407651347135966,False,False
XGBoost_ONNX,2021-06-14/2021-06-20,168,1.409470749106544,1.8605762158668333,False,False
XGBoost_ONNX,2021-06-21/2021-06-27,168,0.9845867139892531,1.4429917544300417,False,False
XGBoost_ONNX,2021-06-28/2021-07-04,168,1.4449939860534302,2.716393296944489,False,False
XGBoost_ONNX,2021-07-05/2021-07-11,168,1.5999189296292367,1.1583733082987346,False,False
XGBoost_ONNX,2021-07-12/2021-07-18,168,1.0284732208918066,1.0724376233326787,False,False
XGBoost_ONNX,2021-07-19/2021-07-25,168,1.217865739557279,1.7459785389152098,False,False
XGBoost_ONNX,2021-07-26/2021-08-01,168,1.016741392701124,1.6734240630480524,False,False
XGBoost_ONNX,2021-08-02/2021-08-08,168,1.398832604372242,1.6536744475175775,False,False
XGBoost_ONNX,2021-08-09/2021-08-15,168,1.5036546240674067,0.5145858522672141,False,False
XGBoost_ONNX,2021-08-16/2021-08-22,168,1.7108681090608786,0.9134885155875713,False,False
XGBoost_ONNX,2021-08-23/2021-08-29,168,1.654774947636193,1.1401755577964072,False,False
XGBoost_ONNX,2021-08-30/2021-09-05,168,1.424977516021634,2.2160400365347344,False,False
XGBoost_ONNX,2021-09-06/2021-09-12,168,1.123838211218666,1.3129212621186497,False,False
XGBoost_ONNX,2021-09-13/2021-09-19,168,1.2380897416583483,1.1796204906738537,False,False
XGBoost_ONNX,2021-09-20/2021-09-26,168,1.1181677076486254,1.8306618217322546,False,False
XGBoost_ONNX,2021-09-27/2021-10-03,168,1.1085222036014253,1.1813479408807577,False,False
XGBoost_ONNX,2021-10-04/2021-10-10,168,1.12844576627808,1.005381576471461,False,False
XGBoost_ONNX,2021-10-11/2021-10-17,168,1.4881976165191617,1.3569461223057164,False,False
XGBoost_ONNX,2021-10-18/2021-10-24,168,1.7456623996454887,1.6255046132986943,False,False
XGBoost_ONNX,2021-10-25/2021-10-31,168,1.282720423329981,1.2752856607083707,False,False
XGBoost_ONNX,2021-11-01/2021-11-07,168,2.3966454175755247,1.209958874895764,False,False
XGBoost_ONNX,2021-11-08/2021-11-14,168,1.3237188000697704,1.3283664256601961,False,False
XGBoost_ONNX,2021-11-15/2021-11-21,168,1.4132648941908754,1.981795593087912,False,False
XGBoost_ONNX,2021-11-22/2021-11-28,168,1.2311119929326875,1.5483329661045186,False,False
XGBoost_ONNX,2021-11-29/2021-12-05,168,1.525570267151473,1.8368132013922192,False,False
XGBoost_ONNX,2021-12-06/2021-12-12,168,1.2064619031669503,1.2089566980248998,False,False
XGBoost_ONNX,2021-12-13/2021-12-19,168,1.3775904978842481,0.8953799347150494,False,False
XGBoost_ONNX,2021-12-20/2021-12-26,168,1.2884464435245078,1.1574286083523335,False,False
XGBoost_ONNX,2021-12-27/2022-01-02,168,1.3411678965427212,1.7949555104900452,False,False
XGBoost_ONNX,2022-01-03/2022-01-09,168,1.383383298994174,1.6908031032293491,False,False
XGBoost_ONNX,2022-01-10/2022-01-16,168,2.1152676378684427,1.6919170172667803,False,False
XGBoost_ONNX,2022-01-17/2022-01-23,168,1.4825086237745537,2.02349156674412,False,False
XGBoost_ONNX,2022-01-24/2022-01-30,168,1.4155263889724665,1.687537950950662,False,False
XGBoost_ONNX,2022-01-31/2022-02-06,168,1.3209265745139203,2.1904387382473636,False,False
XGBoost_ONNX,2022-02-07/2022-02-13,168,1.164703589556962,1.3927349165320724,False,False
XGBoost_ONNX,2022-02-14/2022-02-20,168,1.2949349061819813,1.6499046553129009,False,False
XGBoost_ONNX,2022-02-21/2022-02-27,168,1.6789454214355188,1.25837159742663,False,False
XGBoost_ONNX,2022-02-28/2022-03-06,168,1.3657559863439195,1.715249975824187,False,False
XGBoost_ONNX,2022-03-07/2022-03-13,168,1.8595394351054833,1.0772753743922225,False,False
XGBoost_ONNX,2022-03-14/2022-03-20,168,2.338053910185918,0.8490432000599589,False,False
XGBoost_ONNX,2022-03-21/2022-03-27,168,1.9700011921405227,1.3794180443075783,False,False
XGBoost_ONNX,2022-03-28/2022-04-03,168,1.598554856607846,0.7612055504646856,False,False
XGBoost_ONNX,2022-04-04/2022-04-10,168,1.3260991909428501,0.7083515412198427,False,False
XGBoost_ONNX,2022-04-11/2022-04-17,168,1.472433836864869,0.680586088622644,False,False
XGBoost_ONNX,2022-04-18/2022-04-24,168,1.381661651472022,1.1911945151515555,False,False
XGBoost_ONNX,2022-04-25/2022-05-01,168,1.4399546378172137,0.7602414900247632,False,False
XGBoost_ONNX,2022-05-02/2022-05-08,168,1.4492916188142377,0.684123993681319,False,False
XGBoost_ONNX,2022-05-09/2022-05-15,168,1.3426034865094536,0.6851977193377679,False,False
XGBoost_ONNX,2022-05-16/2022-05-22,168,1.3626602950931856,0.6457040112742806,False,False
XGBoost_ONNX,2022-05-23/2022-05-29,168,1.467228078563573,1.0440068222129664,False,False
XGBoost_ONNX,2022-05-30/2022-06-05,168,1.375370547595747,0.5947092398660435,False,False
XGBoost_ONNX,2022-06-06/2022-06-12,168,1.3598456633362253,0.8626731031484683,False,False
XGBoost_ONNX,2022-06-13/2022-06-19,168,1.449267050628288,0.7024258662900088,False,False
XGBoost_ONNX,2022-06-20/2022-06-26,168,1.4044404208900472,0.7723861438167803,False,False
XGBoost_ONNX,2022-06-27/2022-07-03,168,1.429697405816377,1.2842919310252874,False,False
XGBoost_ONNX,2022-07-04/2022-07-10,168,1.1535731593956922,1.5625345429352986,False,False
XGBoost_ONNX,2022-07-11/2022-07-17,168,1.1109565227489424,1.2992890943359654,False,False
XGBoost_ONNX,2022-07-18/2022-07-24,168,1.1852843982081882,1.4009619559161197,False,False
XGBoost_ONNX,2022-07-25/2022-07-31,168,1.1457814100624506,1.3950459779103561,False,False
XGBoost_ONNX,2022-08-01/2022-08-07,168,1.0264833876262325,1.123050600369937,False,False
XGBoost_ONNX,2022-08-08/2022-08-14,168,1.4370619363872355,1.4215694353827366,False,False
XGBoost_ONNX,2022-08-15/2022-08-21,168,1.3957538285761528,1.5542194092259158,False,False
XGBoost_ONNX,2022-08-22/2022-08-28,168,0.9666141485371754,0.8751169370014164,False,False
XGBoost_ONNX,2022-08-29/2022-09-04,168,1.2878435946952265,1.182072735722639,False,False
XGBoost_ONNX,2022-09-05/2022-09-11,168,1.5948364306551948,0.7066677422690696,False,False
XGBoost_ONNX,2022-09-12/2022-09-18,168,1.1092006767987888,1.1552762487527322,False,False
XGBoost_ONNX,2022-09-19/2022-09-25,168,1.2690942896133115,0.8799496064131926,False,False
XGBoost_ONNX,2022-09-26/2022-10-02,168,1.2915124361642898,0.7112164824593507,False,False
XGBoost_ONNX,2022-10-03/2022-10-09,168,1.4488947741360643,0.76196648131304,False,False
XGBoost_ONNX,2022-10-10/2022-10-16,168,1.2539658562111862,0.48770676117680856,False,False
XGBoost_ONNX,2022-10-17/2022-10-23,168,1.5228353343335959,0.7605093484448505,False,False
XGBoost_ONNX,2022-10-24/2022-10-30,168,1.7284794530024172,1.041465657942216,False,False
XGBoost_ONNX,2022-10-31/2022-11-06,168,1.3392782121179185,0.5631119244842067,False,False
XGBoost_ONNX,2022-11-07/2022-11-13,168,1.4095691745224455,0.776846577206462,False,False
XGBoost_ONNX,2022-11-14/2022-11-20,168,1.3661807613913537,0.4066787400153701,False,False
XGBoost_ONNX,2022-11-21/2022-11-27,168,1.3235551710736524,0.7318486946016732,False,False
XGBoost_ONNX,2022-11-28/2022-12-04,168,1.5228300158111159,0.323868408801932,False,False
XGBoost_ONNX,2022-12-05/2022-12-11,168,1.6617151695465404,0.8244240376299068,False,False
XGBoost_ONNX,2022-12-12/2022-12-18,168,1.2466480894641074,0.6791672276115192,False,False
XGBoost_ONNX,2022-12-19/2022-12-25,168,1.3249034627185228,0.6964510799686939,False,False
XGBoost_ONNX,2022-12-26/2023-01-01,168,1.5683850493180087,0.6391646878305575,False,False
XGBoost_ONNX,2023-01-02/2023-01-08,168,1.5777571808897801,1.1727312073958343,False,False
XGBoost_ONNX,2023-01-09/2023-01-15,168,1.8988560135433252,1.0950818331112517,False,False
XGBoost_ONNX,2023-01-16/2023-01-22,168,1.394179666969085,1.0507576426949317,False,False
XGBoost_ONNX,2023-01-23/2023-01-29,168,1.4733713369817922,1.3598023023380468,False,False
XGBoost_ONNX,2023-01-30/2023-02-05,168,1.4293717525725664,1.5217304916402985,False,False
XGBoost_ONNX,2023-02-06/2023-02-12,168,1.2770763574209245,1.7601039157628402,False,False
XGBoost_ONNX,2023-02-13/2023-02-19,168,1.3271904514897606,1.066972706831633,False,False
XGBoost_ONNX,2023-02-20/2023-02-26,168,1.3236339525402898,0.807455203527226,False,False
XGBoost_ONNX,2023-02-27/2023-03-05,168,1.202057048761101,0.8099737224987946,False,False
XGBoost_ONNX,2023-03-06/2023-03-12,168,2.0722167232685402,1.2692630160778307,False,False
XGBoost_ONNX,2023-03-13/2023-03-19,168,1.3411956585075644,0.32783721818698436,False,False
XGBoost_ONNX,2023-03-20/2023-03-26,168,1.3631240218301925,1.3997206792840784,False,False
XGBoost_ONNX,2023-03-27/2023-04-02,168,1.405201438562185,0.7466322054410977,False,False
XGBoost_ONNX,2023-04-03/2023-04-09,168,1.3207516292822035,1.0189937790796344,False,False
XGBoost_ONNX,2023-04-10/2023-04-16,168,1.1339081216645424,1.0062160921105492,False,False
XGBoost_ONNX,2023-04-17/2023-04-23,168,1.1634332698094245,0.7948757769352043,False,False
XGBoost_ONNX,2023-04-24/2023-04-30,168,1.2152079042906605,0.5505845194940757,False,False
XGBoost_ONNX,2023-05-01/2023-05-07,168,1.2692793647979645,0.8538071113677443,False,False
XGBoost_ONNX,2023-05-08/2023-05-14,168,1.0255951884621461,0.3851421759855523,False,False
XGBoost_ONNX,2023-05-15/2023-05-21,168,1.040030308179114,0.33280224443545353,False,False
XGBoost_ONNX,2023-05-22/2023-05-28,168,2.347643752713433,0.5311181042146487,False,False
XGBoost_ONNX,2023-05-29/2023-06-04,168,1.7518045016370793,0.6233311893238983,False,False
XGBoost_ONNX,2023-06-05/2023-06-11,168,1.142849810241669,0.5961242812287582,False,False
XGBoost_ONNX,2023-06-12/2023-06-18,168,2.0545444681416263,1.6622050996557076,False,False
XGBoost_ONNX,2023-06-19/2023-06-25,168,1.461388925012482,0.826483623899312,False,False
XGBoost_ONNX,2023-06-26/2023-07-02,168,1.1192132684018872,1.410065479932358,False,False
XGBoost_ONNX,2023-07-03/2023-07-09,168,1.2803238127858583,1.4537059649607083,False,False
XGBoost_ONNX,2023-07-10/2023-07-16,168,1.2438195708547313,1.4321123309886505,False,False
XGBoost_ONNX,2023-07-17/2023-07-23,168,1.2124984954563882,1.4230641324090112,False,False
XGBoost_ONNX,2023-07-24/2023-07-30,168,1.3778668776860399,1.993150312575024,False,False
XGBoost_ONNX,2023-07-31/2023-08-06,168,1.1699170819008362,1.6656951441262557,False,False
XGBoost_ONNX,2023-08-07/2023-08-13,168,1.2143704121375958,0.3121466435823124,False,False
XGBoost_ONNX,2023-08-14/2023-08-20,168,1.3707601654999255,0.9242331238304896,False,False
XGBoost_ONNX,2023-08-21/2023-08-27,168,0.9585683234406058,0.5964627351873991,False,False
XGBoost_ONNX,2023-08-28/2023-09-03,168,1.1114438134293567,0.5394482486033205,False,False
XGBoost_ONNX,2023-09-04/2023-09-10,168,0.9986304411453854,0.5132718094947973,False,False
XGBoost_ONNX,2023-09-11/2023-09-17,168,0.9629470247643842,0.7611615589048264,False,False
XGBoost_ONNX,2023-09-18/2023-09-24,168,1.29400820243308,1.156228629237794,False,False
XGBoost_ONNX,2023-09-25/2023-10-01,168,1.2229094613287592,0.6067931610606453,False,False
XGBoost_ONNX,2023-10-02/2023-10-08,168,1.0505157596992216,0.8589006618200763,False,False
XGBoost_ONNX,2023-10-09/2023-10-15,168,0.9954779586664287,0.34823382849203033,False,False
XGBoost_ONNX,2023-10-16/2023-10-22,168,0.9888095329685006,0.452987425271016,False,False
XGBoost_ONNX,2023-10-23/2023-10-29,168,1.2345028934264357,0.6319275645816106,False,False
XGBoost_ONNX,2023-10-30/2023-11-05,168,1.1814535984274221,0.5797675373826437,False,False
XGBoost_ONNX,2023-11-06/2023-11-12,168,1.893144700608255,0.44761154425091926,False,False
XGBoost_ONNX,2023-11-13/2023-11-19,168,2.54279903209417,1.9657213335538408,False,False
XGBoost_ONNX,2023-11-20/2023-11-26,168,2.219434645703718,1.26309096772482,False,False
XGBoost_ONNX,2023-11-27/2023-12-03,168,1.5800600190447471,1.7371223817464494,False,False
XGBoost_ONNX,2023-12-04/2023-12-10,168,1.5671453679746528,0.7583492649435669,False,False
XGBoost_ONNX,2023-12-11/2023-12-17,168,1.5841948621041793,1.1777190308367584,False,False
XGBoost_ONNX,2023-12-18/2023-12-24,168,2.050209550623934,1.8692211173379676,False,False
XGBoost_ONNX,2023-12-25/2023-12-31,168,1.6761545634306776,1.8025173285109342,False,False
XGBoost_ONNX,2024-01-01/2024-01-07,168,1.6931531800167037,1.5518060501842674,False,False
XGBoost_ONNX,2024-01-08/2024-01-14,168,1.9910525474574725,1.7455160945242125,False,False
XGBoost_ONNX,2024-01-15/2024-01-21,168,1.9082872392331214,2.5354707416746196,False,False
XGBoost_ONNX,2024-01-22/2024-01-28,168,2.114098586758039,2.2998592896945342,False,False
XGBoost_ONNX,2024-01-29/2024-02-04,168,1.5446773109622824,1.53914528902463,False,False
XGBoost_ONNX,2024-02-05/2024-02-11,168,1.5614137846197707,1.4180724931060122,False,False
XGBoost_ONNX,2024-02-12/2024-02-18,168,1.6355019096056238,1.259042220072374,False,False
XGBoost_ONNX,2024-02-19/2024-02-25,168,1.4184339073503411,1.092102324504613,False,False
XGBoost_ONNX,2024-02-26/2024-03-03,168,1.603406155486801,1.1019002645995863,False,False
XGBoost_ONNX,2024-03-04/2024-03-10,168,1.4129995710275578,1.3132746318029098,False,False
XGBoost_ONNX,2024-03-11/2024-03-17,168,1.345505104699747,1.0657251819900901,False,False
XGBoost_ONNX,2024-03-18/2024-03-24,168,1.601852518951808,1.326604726947234,False,False
XGBoost_ONNX,2024-03-25/2024-03-31,168,1.9774331343300449,1.0175689592539272,False,False
XGBoost_ONNX,2024-04-01/2024-04-07,168,1.8426733986100508,1.7639901691213722,False,False
XGBoost_ONNX,2024-04-08/2024-04-14,168,1.642631452216455,1.2596147879258837,False,False
XGBoost_ONNX,2024-04-15/2024-04-21,168,1.8347056793093168,2.2763724959120784,False,False
XGBoost_ONNX,2024-04-22/2024-04-28,168,2.2026929649192635,1.5712823228985757,False,False
XGBoost_ONNX,2024-04-29/2024-05-05,168,2.3565622500287717,3.4637098239608597,False,False
XGBoost_ONNX,2024-05-06/2024-05-12,168,2.5844895878102943,2.725448544270912,False,False
XGBoost_ONNX,2024-05-13/2024-05-19,168,2.693119930173785,1.624738438011523,False,False
XGBoost_ONNX,2024-05-20/2024-05-26,168,2.3890841313556637,3.5136338487390053,False,False
XGBoost_ONNX,2024-05-27/2024-06-02,119,2.9705406391505895,4.851796208999069,False,False
LSTM_ONNX,2020-01-13/2020-01-19,119,0.7551317902157239,1.1056363894748484,False,False
LSTM_ONNX,2020-01-20/2020-01-26,168,0.9136775929754238,1.5400001966943588,False,False
LSTM_ONNX,2020-01-27/2020-02-02,168,0.6299524788187258,0.6501937980795278,False,False
LSTM_ONNX,2020-02-03/2020-02-09,168,0.7406666377450543,0.5398281960099293,False,False
LSTM_ONNX,2020-02-10/2020-02-16,168,0.6370864316208639,0.47013646911089013,False,False
LSTM_ONNX,2020-02-17/2020-02-23,168,0.6382443834547104,0.6680917928173541,False,False
LSTM_ONNX,2020-02-24/2020-03-01,168,0.6101492755325397,0.6757029715363398,False,False
LSTM_ONNX,2020-03-02/2020-03-08,168,0.640391965413811,0.5174077194099491,False,False
LSTM_ONNX,2020-03-09/2020-03-15,168,1.0370016598974778,0.7013191161796268,False,False
LSTM_ONNX,2020-03-16/2020-03-22,168,0.8680477397569706,0.8219887856096598,False,False
LSTM_ONNX,2020-03-23/2020-03-29,168,1.2979358618608554,1.7967648336099402,False,False
LSTM_ONNX,2020-03-30/2020-04-05,168,1.3945769744589327,1.913142935769009,False,False
LSTM_ONNX,2020-04-06/2020-04-12,168,0.9020212536560964,0.7644896213470012,False,False
LSTM_ONNX,2020-04-13/2020-04-19,168,0.919410634643857,0.6570103110174417,False,False
LSTM_ONNX,2020-04-20/2020-04-26,168,0.8562684040478684,0.6689106690111756,False,False
LSTM_ONNX,2020-04-27/2020-05-03,168,0.7837043471941465,0.904243667352163,False,False
LSTM_ONNX,2020-05-04/2020-05-10,168,0.751492287382427,0.7754236191841405,False,False
LSTM_ONNX,2020-05-11/2020-05-17,168,0.6337933896187115,0.6433432716099452,False,False
LSTM_ONNX,2020-05-18/2020-05-24,168,0.7994682396132584,1.0496487012568907,False,False
LSTM_ONNX,2020-05-25/2020-05-31,168,0.9408606433044624,1.1628401625256997,False,False
LSTM_ONNX,2020-06-01/2020-06-07,168,1.146004451108663,1.1665055684145442,False,False
LSTM_ONNX,2020-06-08/2020-06-14,168,0.9850620157676117,0.8769800082419417,False,False
LSTM_ONNX,2020-06-15/2020-06-21,168,0.8324072103099005,0.626299518992678,False,False
LSTM_ONNX,2020-06-22/2020-06-28,168,0.776847261643335,0.7374456473035235,False,False
LSTM_ONNX,2020-06-29/2020-07-05,168,0.8219362672185291,0.7856715692797054,False,False
LSTM_ONNX,2020-07-06/2020-07-12,168,0.9043522807837014,0.6219682630946118,False,False
LSTM_ONNX,2020-07-13/2020-07-19,168,0.7209933208550732,0.5487796659271886,False,False
LSTM_ONNX,2020-07-20/2020-07-26,168,0.6752133020955193,0.5439720770578199,False,False
LSTM_ONNX,2020-07-27/2020-08-02,168,0.5972497084507823,0.6052437534921845,False,False
LSTM_ONNX,2020-08-03/2020-08-09,168,1.1775319369326969,0.9799380373020316,False,False
LSTM_ONNX,2020-08-10/2020-08-16,168,0.9308720851056487,0.891473888238576,False,False
LSTM_ONNX,2020-08-17/2020-08-23,168,0.7376654858661037,0.5978471071714774,False,False
LSTM_ONNX,2020-08-24/2020-08-30,168,0.7083063988211659,0.5825586516273523,False,False
LSTM_ONNX,2020-08-31/2020-09-06,168,0.8475057201724293,1.0548806627620004,False,False
LSTM_ONNX,2020-09-07/2020-09-13,168,0.7459083513930788,0.6529923742324946,False,False
LSTM_ONNX,2020-09-14/2020-09-20,168,0.8417979423193641,0.5583078173745166,False,False
LSTM_ONNX,2020-09-21/2020-09-27,168,0.8343265633688881,0.5649626034196776,False,False
LSTM_ONNX,2020-09-28/2020-10-04,168,0.7007421455884407,0.5958618766416011,False,False
LSTM_ONNX,2020-10-05/2020-10-11,168,0.7104981265052359,0.7651280479952883,False,False
LSTM_ONNX,2020-10-12/2020-10-18,168,0.7767252874732231,0.7553037675922972,False,False
LSTM_ONNX,2020-10-19/2020-10-25,168,0.8166685722814118,0.7379927260624913,False,False
LSTM_ONNX,2020-10-26/2020-11-01,168,0.6967380005189306,0.783029047493232,False,False
LSTM_ONNX,2020-11-02/2020-11-08,168,0.679860035478688,0.762323571780217,False,False
LSTM_ONNX,2020-11-09/2020-11-15,168,0.9240344106957586,0.8172056462287932,False,False
LSTM_ONNX,2020-11-16/2020-11-22,168,0.8755134840172439,0.5828290569004865,False,False
LSTM_ONNX,2020-11-23/2020-11-29,168,0.8083063092133712,0.7382638725737684,False,False
LSTM_ONNX,2020-11-30/2020-12-06,168,0.6035020764557915,0.4570613891773397,False,False
LSTM_ONNX,2020-12-07/2020-12-13,168,0.715449298975938,0.4876442551897638,False,False
LSTM_ONNX,2020-12-14/2020-12-20,168,0.6233911645847963,0.48280655336370465,False,False
LSTM_ONNX,2020-12-21/2020-12-27,168,0.6935283614851966,0.9151994587685057,False,False
LSTM_ONNX,2020-12-28/2021-01-03,168,1.1965452179148672,1.2666764978119422,False,False
LSTM_ONNX,2021-01-04/2021-01-10,168,0.8703092795616864,0.48021580001873637,False,False
LSTM_ONNX,2021-01-11/2021-01-17,168,1.274228155385529,0.9656393922878135,False,False
LSTM_ONNX,2021-01-18/2021-01-24,168,0.8979648198507735,0.8957613165163516,False,False
LSTM_ONNX,2021-01-25/2021-01-31,168,0.8144866422605075,0.9532441770870428,False,False
LSTM_ONNX,2021-02-01/2021-02-07,168,0.9678305142770023,0.9963149970086022,False,False
LSTM_ONNX,2021-02-08/2021-02-14,168,0.9481732320656457,0.9506087888881428,False,False
LSTM_ONNX,2021-02-15/2021-02-21,168,0.8320884974756986,1.1198778367970341,False,False
LSTM_ONNX,2021-02-22/2021-02-28,168,0.9807497675323432,1.413454134490451,False,False
LSTM_ONNX,2021-03-01/2021-03-07,168,0.7840897293948691,0.6908441219199541,False,False
LSTM_ONNX,2021-03-08/2021-03-14,168,0.8788110067016894,0.8507354290229088,False,False
LSTM_ONNX,2021-03-15/2021-03-21,168,0.797061680471047,0.7029210758460257,False,False
LSTM_ONNX,2021-03-22/2021-03-28,168,0.9007548801881556,0.5871878881267922,False,False
LSTM_ONNX,2021-03-29/2021-04-04,168,1.1255035213130384,0.9741520534874626,False,False
LSTM_ONNX,2021-04-05/2021-04-11,168,0.8330024293589986,1.0529510879135524,False,False
LSTM_ONNX,2021-04-12/2021-04-18,168,0.7436767018492703,0.7570256715535139,False,False
LSTM_ONNX,2021-04-19/2021-04-25,168,0.6830171629628631,0.6137252744694323,False,False
LSTM_ONNX,2021-04-26/2021-05-02,168,0.8335645387916479,0.8071890512872248,False,False
LSTM_ONNX,2021-05-03/2021-05-09,168,0.6299095180087194,0.9007459909908376,False,False
LSTM_ONNX,2021-05-10/2021-05-16,168,0.6896151677108846,0.6717289309289103,False,False
LSTM_ONNX,2021-05-17/2021-05-23,168,1.413361612992737,1.0605848922900787,False,False
LSTM_ONNX,2021-05-24/2021-05-30,168,0.6865882486233543,1.2385683734744473,False,False
LSTM_ONNX,2021-05-31/2021-06-06,168,0.8894192643504544,0.9175062272235683,False,False
LSTM_ONNX,2021-06-07/2021-06-13,168,0.774372182484581,0.6923511062454624,False,False
LSTM_ONNX,2021-06-14/2021-06-20,168,0.7828980681388267,0.7978619266154704,False,False
LSTM_ONNX,2021-06-21/2021-06-27,168,0.6921444224196914,0.8885975646839892,False,False
LSTM_ONNX,2021-06-28/2021-07-04,168,0.9706373645822863,1.8115408781892062,False,False
LSTM_ONNX,2021-07-05/2021-07-11,168,1.0498010191744949,1.3477489251043098,False,False
LSTM_ONNX,2021-07-12/2021-07-18,168,0.725916584481108,0.685698359872652,False,False
LSTM_ONNX,2021-07-19/2021-07-25,168,0.7053076517173242,0.880022693287243,False,False
LSTM_ONNX,2021-07-26/2021-08-01,168,0.6862147811356946,0.9284312267621941,False,False
LSTM_ONNX,2021-08-02/2021-08-08,168,0.9826884546554618,1.4281995330397115,False,False
LSTM_ONNX,2021-08-09/2021-08-15,168,0.7686667749724669,0.868967973289707,False,False
LSTM_ONNX,2021-08-16/2021-08-22,168,1.1532558211534645,0.821012811818909,False,False
LSTM_ONNX,2021-08-23/2021-08-29,168,1.098538611819706,1.3498184308732595,False,False
LSTM_ONNX,2021-08-30/2021-09-05,168,1.0709115258476674,1.782647255503648,False,False
LSTM_ONNX,2021-09-06/2021-09-12,168,0.8193356964260049,0.9309325436509648,False,False
LSTM_ONNX,2021-09-13/2021-09-19,168,0.8553103499858753,0.6883682645948794,False,False
LSTM_ONNX,2021-09-20/2021-09-26,168,0.8243346963280593,1.3117255681601794,False,False
LSTM_ONNX,2021-09-27/2021-10-03,168,0.8320008514575069,0.8903388496680072,False,False
LSTM_ONNX,2021-10-04/2021-10-10,168,0.9041406508706105,0.7593618664052914,False,False
LSTM_ONNX,2021-10-11/2021-10-17,168,1.1091610747295872,0.9341225873176514,False,False
LSTM_ONNX,2021-10-18/2021-10-24,168,1.5005743026978657,1.3924920774171945,False,False
LSTM_ONNX,2021-10-25/2021-10-31,168,0.9790893688266359,1.225280618815279,False,False
LSTM_ONNX,2021-11-01/2021-11-07,168,1.6418800732368521,1.0752610194915735,False,False
LSTM_ONNX,2021-11-08/2021-11-14,168,1.0036855085713543,0.8302017395191761,False,False
LSTM_ONNX,2021-11-15/2021-11-21,168,1.162872566082695,1.9524384701486293,False,False
LSTM_ONNX,2021-11-22/2021-11-28,168,0.8904706021247957,0.6047505786977645,False,False
LSTM_ONNX,2021-11-29/2021-12-05,168,0.9712190170719599,1.1722643962876902,False,False
LSTM_ONNX,2021-12-06/2021-12-12,168,0.6916746156535459,0.7034191281590947,False,False
LSTM_ONNX,2021-12-13/2021-12-19,168,0.8448927056681562,0.6914368261839632,False,False
LSTM_ONNX,2021-12-20/2021-12-26,168,0.7801330667934935,1.111804780283481,False,False
LSTM_ONNX,2021-12-27/2022-01-02,168,0.934820428160708,1.2333416983648684,False,False
LSTM_ONNX,2022-01-03/2022-01-09,168,1.244869638033256,1.8335995008819796,False,False
LSTM_ONNX,2022-01-10/2022-01-16,168,1.4894327752948808,1.598483152806042,False,False
LSTM_ONNX,2022-01-17/2022-01-23,168,1.1909191460798207,2.0594519127287554,False,False
LSTM_ONNX,2022-01-24/2022-01-30,168,1.102303887019698,1.5324491842470434,False,False
LSTM_ONNX,2022-01-31/2022-02-06,168,1.2533119794613765,1.8166985291123667,False,False
LSTM_ONNX,2022-02-07/2022-02-13,168,1.024153744464822,1.1111942574371727,False,False
LSTM_ONNX,2022-02-14/2022-02-20,168,1.09258997952862,1.2540668976040903,False,False
LSTM_ONNX,2022-02-21/2022-02-27,168,1.4620669658467507,1.1653965624413594,False,False
LSTM_ONNX,2022-02-28/2022-03-06,168,1.0258837918640693,1.199875291043648,False,False
LSTM_ONNX,2022-03-07/2022-03-13,168,1.506767306635655,0.9292516993714071,False,False
LSTM_ONNX,2022-03-14/2022-03-20,168,1.5692942955625726,1.2966555691504262,False,False
LSTM_ONNX,2022-03-21/2022-03-27,168,1.7322204738972737,1.7125066391917336,False,False
LSTM_ONNX,2022-03-28/2022-04-03,168,1.210306348755187,1.3856319291571317,False,False
LSTM_ONNX,2022-04-04/2022-04-10,168,0.9301094713412481,1.1813528457718034,False,False
LSTM_ONNX,2022-04-11/2022-04-17,168,1.146262397634627,1.1903692914116177,False,False
LSTM_ONNX,2022-04-18/2022-04-24,168,1.0609100483063265,1.2244391204598402,False,False
LSTM_ONNX,2022-04-25/2022-05-01,168,1.0356664659439494,1.2252853081361204,False,False
LSTM_ONNX,2022-05-02/2022-05-08,168,0.8333237587636735,1.1639829838699824,False,False
LSTM_ONNX,2022-05-09/2022-05-15,168,0.7613440789271538,0.9829089443011998,False,False
LSTM_ONNX,2022-05-16/2022-05-22,168,0.7434225608474349,0.9084886656761206,False,False
LSTM_ONNX,2022-05-23/2022-05-29,168,0.8222409505161766,1.279464377515069,False,False
LSTM_ONNX,2022-05-30/2022-06-05,168,0.6612798014621758,0.8767397728788148,False,False
LSTM_ONNX,2022-06-06/2022-06-12,168,0.9583068869380696,1.3909512807724111,False,False
LSTM_ONNX,2022-06-13/2022-06-19,168,0.7169106844165806,0.8353060744333646,False,False
LSTM_ONNX,2022-06-20/2022-06-26,168,0.8589412677639494,1.0026394252652477,False,False
LSTM_ONNX,2022-06-27/2022-07-03,168,0.8701989037705301,0.7738300801165481,False,False
LSTM_ONNX,2022-07-04/2022-07-10,168,0.8015726922024171,0.8021739847638552,False,False
LSTM_ONNX,2022-07-11/2022-07-17,168,0.6712074432348927,0.660985468088624,False,False
LSTM_ONNX,2022-07-18/2022-07-24,168,0.8898586182882637,0.8122942130396346,False,False
LSTM_ONNX,2022-07-25/2022-07-31,168,0.6478118419055765,0.8215107856444896,False,False
LSTM_ONNX,2022-08-01/2022-08-07,168,0.6739852703108186,0.6777501177197707,False,False
LSTM_ONNX,2022-08-08/2022-08-14,168,0.9893855166930433,0.7836193271723161,False,False
LSTM_ONNX,2022-08-15/2022-08-21,168,0.8458329037156148,0.7777754539635754,False,False
LSTM_ONNX,2022-08-22/2022-08-28,168,0.753535701149859,0.9202394798830791,False,False
LSTM_ONNX,2022-08-29/2022-09-04,168,0.9818193500313762,0.7669968212764354,False,False
LSTM_ONNX,2022-09-05/2022-09-11,168,1.133600413070662,0.9864846713328398,False,False
LSTM_ONNX,2022-09-12/2022-09-18,168,0.9229074764489299,0.7661222950582639,False,False
LSTM_ONNX,2022-09-19/2022-09-25,168,1.0067576466056605,1.2353286018364198,False,False
LSTM_ONNX,2022-09-26/2022-10-02,168,0.8088596177403989,0.8094785815692779,False,False
LSTM_ONNX,2022-10-03/2022-10-09,168,0.928701036446135,0.8981315892473869,False,False
LSTM_ONNX,2022-10-10/2022-10-16,168,0.7286592909807438,1.0758397561989512,False,False
LSTM_ONNX,2022-10-17/2022-10-23,168,0.7000566426035544,0.6353896020304978,False,False
LSTM_ONNX,2022-10-24/2022-10-30,168,1.4042915791650692,0.5961347984795479,False,False
LSTM_ONNX,2022-10-31/2022-11-06,168,0.9296721317253287,0.5654969246625347,False,False
LSTM_ONNX,2022-11-07/2022-11-13,168,0.9403913083738622,0.9409610912991768,False,False
LSTM_ONNX,2022-11-14/2022-11-20,168,0.8413882775951796,0.5534839587709299,False,False
LSTM_ONNX,2022-11-21/2022-11-27,168,0.8922867754690003,0.7061563088071113,False,False
LSTM_ONNX,2022-11-28/2022-12-04,168,0.8830368236733475,0.5091369587974027,False,False
LSTM_ONNX,2022-12-05/2022-12-11,168,0.9765480692274939,0.7295000753431754,False,False
LSTM_ONNX,2022-12-12/2022-12-18,168,0.8019481039035498,0.6589956018967321,False,False
LSTM_ONNX,2022-12-19/2022-12-25,168,0.9221901779378419,0.8741048794078613,False,False
LSTM_ONNX,2022-12-26/2023-01-01,168,0.9620272814538009,1.2342104375463476,False,False
LSTM_ONNX,2023-01-02/2023-01-08,168,1.353351367814999,1.79170733480068,False,False
LSTM_ONNX,2023-01-09/2023-01-15,168,0.9687977550348279,0.8331316195839708,False,False
LSTM_ONNX,2023-01-16/2023-01-22,168,0.7458653725103064,0.6814222917277784,False,False
LSTM_ONNX,2023-01-23/2023-01-29,168,0.8473688986028418,0.5983161813642399,False,False
LSTM_ONNX,2023-01-30/2023-02-05,168,0.9683271933193013,1.1203995323748728,False,False
LSTM_ONNX,2023-02-06/2023-02-12,168,0.8188888315199748,0.7371966657933876,False,False
LSTM_ONNX,2023-02-13/2023-02-19,168,0.7963746787684769,0.7913524917089578,False,False
LSTM_ONNX,2023-02-20/2023-02-26,168,0.7628407388917521,0.6706931867544783,False,False
LSTM_ONNX,2023-02-27/2023-03-05,168,0.8936147957505943,0.7972795170138705,False,False
LSTM_ONNX,2023-03-06/2023-03-12,168,1.5032684042715492,1.097683913196173,False,False
LSTM_ONNX,2023-03-13/2023-03-19,168,1.0900287391643524,0.9151913509167146,False,False
LSTM_ONNX,2023-03-20/2023-03-26,168,0.9940136654389692,0.853327166903186,False,False
LSTM_ONNX,2023-03-27/2023-04-02,168,1.0602038447043263,0.7216680392128385,False,False
LSTM_ONNX,2023-04-03/2023-04-09,168,1.086196240385371,0.9789100045131899,False,False
LSTM_ONNX,2023-04-10/2023-04-16,168,0.940280293556385,0.9070392686559615,False,False
LSTM_ONNX,2023-04-17/2023-04-23,168,1.2782003014450438,0.7572736516234236,False,False
LSTM_ONNX,2023-04-24/2023-04-30,168,1.0979732942165052,0.7581361848111211,False,False
LSTM_ONNX,2023-05-01/2023-05-07,168,0.782482492721368,0.6491263136655855,False,False
LSTM_ONNX,2023-05-08/2023-05-14,168,0.9356256676997006,0.764663542116643,False,False
LSTM_ONNX,2023-05-15/2023-05-21,168,1.024311275939728,0.7518081342864333,False,False
LSTM_ONNX,2023-05-22/2023-05-28,168,2.5737605895805964,0.7330920738208405,False,False
LSTM_ONNX,2023-05-29/2023-06-04,168,1.5796390324062142,0.9056002995802325,False,False
LSTM_ONNX,2023-06-05/2023-06-11,168,1.3746556982969196,1.1090683445102199,False,False
LSTM_ONNX,2023-06-12/2023-06-18,168,1.263871252696854,1.3489506193418745,False,False
LSTM_ONNX,2023-06-19/2023-06-25,168,1.0169241747167093,1.0249858434063832,False,False
LSTM_ONNX,2023-06-26/2023-07-02,168,0.8805438806029572,0.908871901198736,False,False
LSTM_ONNX,2023-07-03/2023-07-09,168,0.8597070793043591,0.9200313985494295,False,False
LSTM_ONNX,2023-07-10/2023-07-16,168,0.7334249568377986,0.6504146543371521,False,False
LSTM_ONNX,2023-07-17/2023-07-23,168,0.8085153679877687,0.7423721634770963,False,False
LSTM_ONNX,2023-07-24/2023-07-30,168,0.8244561382059932,1.0544245954841343,False,False
LSTM_ONNX,2023-07-31/2023-08-06,168,1.0228778390295536,0.8197514544868537,False,False
LSTM_ONNX,2023-08-07/2023-08-13,168,1.1965042343797014,0.7440522606688116,False,False
LSTM_ONNX,2023-08-14/2023-08-20,168,1.672021559367648,1.1053592594150283,False,False
LSTM_ONNX,2023-08-21/2023-08-27,168,1.5024939345160682,0.9120345189838521,False,False
LSTM_ONNX,2023-08-28/2023-09-03,168,1.6910331379636914,1.187984289383198,False,False
LSTM_ONNX,2023-09-04/2023-09-10,168,1.5133531899127746,1.2904840299325098,False,False
LSTM_ONNX,2023-09-11/2023-09-17,168,1.3130604152073975,1.2138663623237944,False,False
LSTM_ONNX,2023-09-18/2023-09-24,168,1.1366717049728339,1.2588086320466418,False,False
LSTM_ONNX,2023-09-25/2023-10-01,168,1.1614740509834602,1.1948908886577363,False,False
LSTM_ONNX,2023-10-02/2023-10-08,168,1.2159282871027652,0.8611445299400314,False,False
LSTM_ONNX,2023-10-09/2023-10-15,168,1.3310153679422172,0.5474876310737564,False,False
LSTM_ONNX,2023-10-16/2023-10-22,168,1.1288221345840408,0.3567129974370636,False,False
LSTM_ONNX,2023-10-23/2023-10-29,168,1.2976373246074357,0.8206992397097099,False,False
LSTM_ONNX,2023-10-30/2023-11-05,168,1.2377561557460135,0.9028880260418518,False,False
LSTM_ONNX,2023-11-06/2023-11-12,168,1.6668415340518012,0.9115016531575886,False,False
LSTM_ONNX,2023-11-13/2023-11-19,168,1.666473275574056,1.5387396284057309,False,False
LSTM_ONNX,2023-11-20/2023-11-26,168,1.7977301132526955,1.2709690975565584,False,False
LSTM_ONNX,2023-11-27/2023-12-03,168,1.1053543028522022,0.8365274533515706,False,False
LSTM_ONNX,2023-12-04/2023-12-10,168,0.9957558818931133,0.8658519404594403,False,False
LSTM_ONNX,2023-12-11/2023-12-17,168,1.1923780041482237,1.172987610074631,False,False
LSTM_ONNX,2023-12-18/2023-12-24,168,1.833081618321536,1.617047147146318,False,False
LSTM_ONNX,2023-12-25/2023-12-31,168,1.5141566897925012,1.4496891996814907,False,False
LSTM_ONNX,2024-01-01/2024-01-07,168,1.6019975421130224,2.5958858498443127,False,False
LSTM_ONNX,2024-01-08/2024-01-14,168,1.7003347456809832,2.6111510523040087,False,False
LSTM_ONNX,2024-01-15/2024-01-21,168,1.7776228267189067,3.3158503799291648,False,False
LSTM_ONNX,2024-01-22/2024-01-28,168,1.6701699715067637,2.9285856639646775,False,False
LSTM_ONNX,2024-01-29/2024-02-04,168,1.5824063791423444,2.8370577063192672,False,False
LSTM_ONNX,2024-02-05/2024-02-11,168,1.561704408056104,2.7135373520204507,False,False
LSTM_ONNX,2024-02-12/2024-02-18,168,1.712239738442887,2.683683505046695,False,False
LSTM_ONNX,2024-02-19/2024-02-25,168,1.3541165520568286,2.256849314235501,False,False
LSTM_ONNX,2024-02-26/2024-03-03,168,1.4752777257356924,2.1806267502481727,False,False
LSTM_ONNX,2024-03-04/2024-03-10,168,1.3904893107412788,1.941671895397552,False,False
LSTM_ONNX,2024-03-11/2024-03-17,168,1.4819919442713352,1.9276033615370594,False,False
LSTM_ONNX,2024-03-18/2024-03-24,168,1.774412267589403,1.6486078385082474,False,False
LSTM_ONNX,2024-03-25/2024-03-31,168,1.880585438488947,1.5629160176919878,False,False
LSTM_ONNX,2024-04-01/2024-04-07,168,1.9198485530733698,2.0012180390466194,False,False
LSTM_ONNX,2024-04-08/2024-04-14,168,1.8329072483710094,1.6424089720895005,False,False
LSTM_ONNX,2024-04-15/2024-04-21,168,2.0343778618244617,2.510636633536236,False,False
LSTM_ONNX,2024-04-22/2024-04-28,168,1.953803348079917,1.7334534945714366,False,False
LSTM_ONNX,2024-04-29/2024-05-05,168,2.3752645563222865,3.546548709506813,False,False
LSTM_ONNX,2024-05-06/2024-05-12,168,2.4475225712420485,2.9059684180235807,False,False
LSTM_ONNX,2024-05-13/2024-05-19,168,2.519994816821971,2.2657918861135244,False,False
LSTM_ONNX,2024-05-20/2024-05-26,168,2.4557682337516407,2.7749780331247917,False,False
LSTM_ONNX,2024-05-27/2024-06-02,119,2.3729156885252727,4.212661019378431,False,False
Persistence_lag1h,2020-01-13/2020-01-19,119,2.8406334928405297,1.8146081100334344,False,False
Persistence_lag1h,2020-01-20/2020-01-26,168,2.7600943418547668,2.802509200830699,False,False
Persistence_lag1h,2020-01-27/2020-02-02,168,2.558073882056307,1.8045379183845311,False,False
Persistence_lag1h,2020-02-03/2020-02-09,168,2.4485777817809202,1.5862962049823688,False,False
Persistence_lag1h,2020-02-10/2020-02-16,168,2.1974954054919023,1.166775171036562,False,False
Persistence_lag1h,2020-02-17/2020-02-23,168,2.0095351360844305,1.4395000961819842,False,False
Persistence_lag1h,2020-02-24/2020-03-01,168,1.8255312133945256,1.3328456507208348,False,False
Persistence_lag1h,2020-03-02/2020-03-08,168,1.928434927732476,1.563795600909772,False,False
Persistence_lag1h,2020-03-09/2020-03-15,168,2.068817388449185,1.4728996838841117,False,False
Persistence_lag1h,2020-03-16/2020-03-22,168,1.927495135682836,1.8862132321198741,False,False
Persistence_lag1h,2020-03-23/2020-03-29,168,2.144067976772557,2.5532568878287023,False,False
Persistence_lag1h,2020-03-30/2020-04-05,168,2.4138862858864267,2.9006877464124354,False,False
Persistence_lag1h,2020-04-06/2020-04-12,168,2.1369946093704177,1.3995406635056198,False,False
Persistence_lag1h,2020-04-13/2020-04-19,168,2.46928300888863,1.2646790595309099,False,False
Persistence_lag1h,2020-04-20/2020-04-26,168,2.3858852130193675,1.2279980555254333,False,False
Persistence_lag1h,2020-04-27/2020-05-03,168,2.4508793387764776,1.6093956606751916,False,False
Persistence_lag1h,2020-05-04/2020-05-10,168,2.660240575601774,2.302788446272558,False,False
Persistence_lag1h,2020-05-11/2020-05-17,168,2.749546287559133,2.311953237853804,False,False
Persistence_lag1h,2020-05-18/2020-05-24,168,2.9298609088807344,3.1061205440393156,False,False
Persistence_lag1h,2020-05-25/2020-05-31,168,2.847137872584884,3.2648765638010135,False,False
Persistence_lag1h,2020-06-01/2020-06-07,168,2.9602744613235794,3.2192937208005015,False,False
Persistence_lag1h,2020-06-08/2020-06-14,168,2.716185548707705,2.1728685999678583,False,False
Persistence_lag1h,2020-06-15/2020-06-21,168,2.7247751614174347,1.9892881878267834,False,False
Persistence_lag1h,2020-06-22/2020-06-28,168,2.5849239484560407,2.5116535478400515,False,False
Persistence_lag1h,2020-06-29/2020-07-05,168,2.5258812825526666,2.358510884889599,False,False
Persistence_lag1h,2020-07-06/2020-07-12,168,2.248702240800796,1.446558272283915,False,False
Persistence_lag1h,2020-07-13/2020-07-19,168,2.2637543207314583,1.8530076793412238,False,False
Persistence_lag1h,2020-07-20/2020-07-26,168,2.2238927740923233,1.6113612267016957,False,False
Persistence_lag1h,2020-07-27/2020-08-02,168,2.0586448187339315,1.641155596863238,False,False
Persistence_lag1h,2020-08-03/2020-08-09,168,2.2566811910274036,2.2696268899285106,False,False
Persistence_lag1h,2020-08-10/2020-08-16,168,1.7627022544830986,1.5553786497668969,False,False
Persistence_lag1h,2020-08-17/2020-08-23,168,1.9886969518764512,1.7120511609088556,False,False
Persistence_lag1h,2020-08-24/2020-08-30,168,1.9261802348820065,1.4476442820105309,False,False
Persistence_lag1h,2020-08-31/2020-09-06,168,1.881385954083074,1.878624646382924,False,False
Persistence_lag1h,2020-09-07/2020-09-13,168,1.8811571143267956,1.6482124677947212,False,False
Persistence_lag1h,2020-09-14/2020-09-20,168,2.0511172548596033,1.3895722893427198,False,False
Persistence_lag1h,2020-09-21/2020-09-27,168,1.8619224393848646,1.2497965830137605,False,False
Persistence_lag1h,2020-09-28/2020-10-04,168,1.6472785440958406,1.3371489712811375,False,False
Persistence_lag1h,2020-10-05/2020-10-11,168,1.6826581988881424,1.5449744885357302,False,False
Persistence_lag1h,2020-10-12/2020-10-18,168,1.7694669478347438,1.7599153151158846,False,False
Persistence_lag1h,2020-10-19/2020-10-25,168,1.877368064178598,1.5906395584210915,False,False
Persistence_lag1h,2020-10-26/2020-11-01,168,2.057989227322323,0.991250918469053,False,False
Persistence_lag1h,2020-11-02/2020-11-08,168,2.1302437236612652,0.855209524805273,False,False
Persistence_lag1h,2020-11-09/2020-11-15,168,2.301046073539219,1.2598731250418957,False,False
Persistence_lag1h,2020-11-16/2020-11-22,168,2.318085545622186,1.6519964280134598,False,False
Persistence_lag1h,2020-11-23/2020-11-29,168,2.712390790774595,1.3847556812041069,False,False
Persistence_lag1h,2020-11-30/2020-12-06,168,2.2807187642608007,0.9576803993428634,False,False
Persistence_lag1h,2020-12-07/2020-12-13,168,2.4836488393924534,1.419244878360615,False,False
Persistence_lag1h,2020-12-14/2020-12-20,168,2.825333872086675,1.5386942999561664,False,False
Persistence_lag1h,2020-12-21/2020-12-27,168,2.8348173323180053,2.4513933146840623,False,False
Persistence_lag1h,2020-12-28/2021-01-03,168,3.1165079215973193,2.980139007394605,False,False
Persistence_lag1h,2021-01-04/2021-01-10,168,3.003415753037035,1.465905726755103,False,False
Persistence_lag1h,2021-01-11/2021-01-17,168,3.0205548251803327,2.168560162018289,False,False
Persistence_lag1h,2021-01-18/2021-01-24,168,2.8588894368579174,2.046979156347094,False,False
Persistence_lag1h,2021-01-25/2021-01-31,168,2.919792256806797,1.7135237727624948,False,False
Persistence_lag1h,2021-02-01/2021-02-07,168,2.7309802307532607,1.2445098232696246,False,False
Persistence_lag1h,2021-02-08/2021-02-14,168,2.682527902506064,1.1364513682984496,False,False
Persistence_lag1h,2021-02-15/2021-02-21,168,2.446391971283153,1.5188968459106875,False,False
Persistence_lag1h,2021-02-22/2021-02-28,168,2.1395943977358423,1.2282103382810474,False,False
Persistence_lag1h,2021-03-01/2021-03-07,168,2.0802104359492595,1.3785537011095326,False,False
Persistence_lag1h,2021-03-08/2021-03-14,168,1.999434108245161,1.4182900740066762,False,False
Persistence_lag1h,2021-03-15/2021-03-21,168,2.112357329600647,1.1303434470840223,False,False
Persistence_lag1h,2021-03-22/2021-03-28,168,2.2338329771646763,1.2963964361885032,False,False
Persistence_lag1h,2021-03-29/2021-04-04,168,2.252350470189079,1.8215859367350842,False,False
Persistence_lag1h,2021-04-05/2021-04-11,168,2.1952567774260414,1.5479915106997544,False,False
Persistence_lag1h,2021-04-12/2021-04-18,168,2.442472598186327,1.7948344704718129,False,False
Persistence_lag1h,2021-04-19/2021-04-25,168,2.326918104610785,1.4879959522836383,False,False
Persistence_lag1h,2021-04-26/2021-05-02,168,2.5272123320862825,2.228397568469093,False,False
Persistence_lag1h,2021-05-03/2021-05-09,168,2.532832079055289,2.396736289756327,False,False
Persistence_lag1h,2021-05-10/2021-05-16,168,2.630284365643737,2.5017857321196435,False,False
Persistence_lag1h,2021-05-17/2021-05-23,168,2.413568003351279,2.045064796510886,False,False
Persistence_lag1h,2021-05-24/2021-05-30,168,2.28108829294167,2.42787548517067,False,False
Persistence_lag1h,2021-05-31/2021-06-06,168,2.502003165498738,2.615113386694559,False,False
Persistence_lag1h,2021-06-07/2021-06-13,168,2.4314759161068076,2.513558769285547,False,False
Persistence_lag1h,2021-06-14/2021-06-20,168,2.2295401243682655,2.5907665776529893,False,False
Persistence_lag1h,2021-06-21/2021-06-27,168,1.9219245902022244,2.4082072453744585,False,False
Persistence_lag1h,2021-06-28/2021-07-04,168,2.11424241025344,2.9230888467370884,False,False
Persistence_lag1h,2021-07-05/2021-07-11,168,2.1896648942610804,2.342795948940722,False,False
Persistence_lag1h,2021-07-12/2021-07-18,168,1.8435308466975397,1.865522958423164,False,False
Persistence_lag1h,2021-07-19/2021-07-25,168,1.7882360200893435,1.5562991637310382,False,False
Persistence_lag1h,2021-07-26/2021-08-01,168,1.8541023659386782,1.7042893784618036,False,False
Persistence_lag1h,2021-08-02/2021-08-08,168,1.966412158527547,2.137100299132312,False,False
Persistence_lag1h,2021-08-09/2021-08-15,168,1.5581179831774221,1.3431740820232365,False,False
Persistence_lag1h,2021-08-16/2021-08-22,168,1.9427009676388007,1.522161663948558,False,False
Persistence_lag1h,2021-08-23/2021-08-29,168,1.7355326021314315,1.6950768241166425,False,False
Persistence_lag1h,2021-08-30/2021-09-05,168,1.8166787655231105,1.5958217180370815,False,False
Persistence_lag1h,2021-09-06/2021-09-12,168,1.8322599949412193,2.1518945576895097,False,False
Persistence_lag1h,2021-09-13/2021-09-19,168,1.91752278687996,1.5092913557257879,False,False
Persistence_lag1h,2021-09-20/2021-09-26,168,1.9009043253095417,1.431271488439696,False,False
Persistence_lag1h,2021-09-27/2021-10-03,168,1.7899721050515436,1.083739380025327,False,False
Persistence_lag1h,2021-10-04/2021-10-10,168,1.6495318620032258,1.647961860402219,False,False
Persistence_lag1h,2021-10-11/2021-10-17,168,1.8442349354190373,1.6151975827079306,False,False
Persistence_lag1h,2021-10-18/2021-10-24,168,2.151624682280792,2.3635916196881612,False,False
Persistence_lag1h,2021-10-25/2021-10-31,168,2.1928557485364526,2.094188335864147,False,False
Persistence_lag1h,2021-11-01/2021-11-07,168,2.584913301204549,2.10313599144848,False,False
Persistence_lag1h,2021-11-08/2021-11-14,168,2.4573469378672237,2.000511397969636,False,False
Persistence_lag1h,2021-11-15/2021-11-21,168,2.3597135787827104,2.3548501848399552,False,False
Persistence_lag1h,2021-11-22/2021-11-28,168,2.3895791855649997,1.6517856261265198,False,False
Persistence_lag1h,2021-11-29/2021-12-05,168,2.836863765208659,2.1747915539086895,False,False
Persistence_lag1h,2021-12-06/2021-12-12,168,2.741339868934384,2.067351461488097,False,False
Persistence_lag1h,2021-12-13/2021-12-19,168,2.9750176602461513,2.2748845110437514,False,False
Persistence_lag1h,2021-12-20/2021-12-26,168,2.7848962605077996,1.8882314003245142,False,False
Persistence_lag1h,2021-12-27/2022-01-02,168,2.9235592809327406,2.685169692942204,False,False
Persistence_lag1h,2022-01-03/2022-01-09,168,2.562468334223507,1.626139302465444,False,False
Persistence_lag1h,2022-01-10/2022-01-16,168,2.9611513796506848,3.2497634208999324,False,False
Persistence_lag1h,2022-01-17/2022-01-23,168,2.852972425662079,3.0868089714284856,False,False
Persistence_lag1h,2022-01-24/2022-01-30,168,2.645930595784446,2.2007755503096464,False,False
Persistence_lag1h,2022-01-31/2022-02-06,168,2.229367450419178,2.052625088969883,False,False
Persistence_lag1h,2022-02-07/2022-02-13,168,2.3281601265799683,2.0971172078074773,False,False
Persistence_lag1h,2022-02-14/2022-02-20,168,2.140093671709448,2.41177423164475,False,False
Persistence_lag1h,2022-02-21/2022-02-27,168,2.1206722903331587,1.7148757023440722,False,False
Persistence_lag1h,2022-02-28/2022-03-06,168,2.110543424239274,2.3722664308556514,False,False
Persistence_lag1h,2022-03-07/2022-03-13,168,2.169749385235076,1.4408039741593595,False,False
Persistence_lag1h,2022-03-14/2022-03-20,168,2.4151043198412507,1.6019433184713752,False,False
Persistence_lag1h,2022-03-21/2022-03-27,168,2.284404195930638,1.960465468329497,False,False
Persistence_lag1h,2022-03-28/2022-04-03,168,2.355921926107953,1.9715010929326835,False,False
Persistence_lag1h,2022-04-04/2022-04-10,168,2.100126530192354,1.9923852979244459,False,False
Persistence_lag1h,2022-04-11/2022-04-17,168,2.1918791633103933,2.5151941491762724,False,False
Persistence_lag1h,2022-04-18/2022-04-24,168,1.9639732295057426,2.4378269669578057,False,False
Persistence_lag1h,2022-04-25/2022-05-01,168,2.0656069601830414,2.5894527230411057,False,False
Persistence_lag1h,2022-05-02/2022-05-08,168,2.159389938365317,3.123980479135401,False,False
Persistence_lag1h,2022-05-09/2022-05-15,168,2.161195116136153,2.8421118500577855,False,False
Persistence_lag1h,2022-05-16/2022-05-22,168,2.093602674985856,2.9409541399359656,False,False
Persistence_lag1h,2022-05-23/2022-05-29,168,2.1131587162091776,3.171046117368888,False,False
Persistence_lag1h,2022-05-30/2022-06-05,168,2.073021323996906,2.939484724472554,False,False
Persistence_lag1h,2022-06-06/2022-06-12,168,2.231814621787598,3.5161254418656043,False,False
Persistence_lag1h,2022-06-13/2022-06-19,168,1.9600773243571594,2.7303282654594336,False,False
Persistence_lag1h,2022-06-20/2022-06-26,168,2.1922548062589367,2.7296600312156376,False,False
Persistence_lag1h,2022-06-27/2022-07-03,168,2.127438958433937,2.613928414941393,False,False
Persistence_lag1h,2022-07-04/2022-07-10,168,1.7604766906159148,1.918540561705883,False,False
Persistence_lag1h,2022-07-11/2022-07-17,168,1.7695143088344956,1.3041529342216165,False,False
Persistence_lag1h,2022-07-18/2022-07-24,168,1.9080143892540784,1.3980916238085777,False,False
Persistence_lag1h,2022-07-25/2022-07-31,168,1.7535010598223404,1.671953842841405,False,False
Persistence_lag1h,2022-08-01/2022-08-07,168,1.7107299273498615,1.51303480371585,False,False
Persistence_lag1h,2022-08-08/2022-08-14,168,1.8870127084779358,1.6586795717809917,False,False
Persistence_lag1h,2022-08-15/2022-08-21,168,1.5408057531192938,1.8241210372899601,False,False
Persistence_lag1h,2022-08-22/2022-08-28,168,1.8161067455549376,1.7075605795995625,False,False
Persistence_lag1h,2022-08-29/2022-09-04,168,2.0867591561661873,1.9011414707352212,False,False
Persistence_lag1h,2022-09-05/2022-09-11,168,2.3628911279831923,1.9595379570611617,False,False
Persistence_lag1h,2022-09-12/2022-09-18,168,1.8068455591958492,1.2771624748874297,False,False
Persistence_lag1h,2022-09-19/2022-09-25,168,2.2845290333673614,2.144099399045392,False,False
Persistence_lag1h,2022-09-26/2022-10-02,168,2.424552309806749,2.0452685597267846,False,False
Persistence_lag1h,2022-10-03/2022-10-09,168,2.386687085755021,2.1042041741624473,False,False
Persistence_lag1h,2022-10-10/2022-10-16,168,2.2022814636533465,1.662951517934366,False,False
Persistence_lag1h,2022-10-17/2022-10-23,168,2.3422086625289866,1.7133351777141284,False,False
Persistence_lag1h,2022-10-24/2022-10-30,168,2.2948032817783672,1.573171842072127,False,False
Persistence_lag1h,2022-10-31/2022-11-06,168,2.879241134810268,1.81162018619216,False,False
Persistence_lag1h,2022-11-07/2022-11-13,168,3.0554168999571396,2.134371584144364,False,False
Persistence_lag1h,2022-11-14/2022-11-20,168,3.118607538796164,1.4229505781778715,False,False
Persistence_lag1h,2022-11-21/2022-11-27,168,3.30862535768294,1.5046008682149814,False,False
Persistence_lag1h,2022-11-28/2022-12-04,168,3.3418042526814995,1.6180911948761332,False,False
Persistence_lag1h,2022-12-05/2022-12-11,168,3.4126063428413524,1.8123623710696508,False,False
Persistence_lag1h,2022-12-12/2022-12-18,168,3.1587186273020142,2.0584550569620235,False,False
Persistence_lag1h,2022-12-19/2022-12-25,168,3.2789415178094563,2.6286140367740893,False,False
Persistence_lag1h,2022-12-26/2023-01-01,168,3.6054194593988695,3.6725888967756246,False,False
Persistence_lag1h,2023-01-02/2023-01-08,168,3.5020277996071716,2.7027048397743405,False,False
Persistence_lag1h,2023-01-09/2023-01-15,168,2.8200770656954415,1.8545697416097406,False,False
Persistence_lag1h,2023-01-16/2023-01-22,168,2.943730163349966,2.0818288496703268,False,False
Persistence_lag1h,2023-01-23/2023-01-29,168,2.9322071333347277,2.497414972691637,False,False
Persistence_lag1h,2023-01-30/2023-02-05,168,2.699858371497163,2.347546979523855,False,False
Persistence_lag1h,2023-02-06/2023-02-12,168,2.4102768359712896,1.2102229487236837,False,False
Persistence_lag1h,2023-02-13/2023-02-19,168,2.2204270761415037,1.244262692603009,False,False
Persistence_lag1h,2023-02-20/2023-02-26,168,2.1807164292680348,1.456184848174462,False,False
Persistence_lag1h,2023-02-27/2023-03-05,168,2.236430654240009,1.726729004648173,False,False
Persistence_lag1h,2023-03-06/2023-03-12,168,2.429835296362766,2.270407443704865,False,False
Persistence_lag1h,2023-03-13/2023-03-19,168,2.368471746745139,1.5312293593655615,False,False
Persistence_lag1h,2023-03-20/2023-03-26,168,2.1671369885573517,1.6620736464102024,False,False
Persistence_lag1h,2023-03-27/2023-04-02,168,2.263221769947192,2.108492858801159,False,False
Persistence_lag1h,2023-04-03/2023-04-09,168,2.274470276004898,1.9852161161884903,False,False
Persistence_lag1h,2023-04-10/2023-04-16,168,2.3630882286180173,1.864746834879431,False,False
Persistence_lag1h,2023-04-17/2023-04-23,168,2.7213199511299657,1.9533387211250413,False,False
Persistence_lag1h,2023-04-24/2023-04-30,168,2.4062338958582825,2.308726365518505,False,False
Persistence_lag1h,2023-05-01/2023-05-07,168,2.1002394699159725,2.5095107634079397,False,False
Persistence_lag1h,2023-05-08/2023-05-14,168,2.4386033153600146,2.592300319544981,False,False
Persistence_lag1h,2023-05-15/2023-05-21,168,2.527371003233822,2.9437377171879655,False,False
Persistence_lag1h,2023-05-22/2023-05-28,168,3.495723436628953,2.5627915645626,False,False
Persistence_lag1h,2023-05-29/2023-06-04,168,2.743752197055129,2.1638477839294707,False,False
Persistence_lag1h,2023-06-05/2023-06-11,168,2.6848017087981177,3.106157400461848,False,False
Persistence_lag1h,2023-06-12/2023-06-18,168,2.1156796058376526,2.7040632568745213,False,False
Persistence_lag1h,2023-06-19/2023-06-25,168,2.1847895412871874,2.3372362657104815,False,False
Persistence_lag1h,2023-06-26/2023-07-02,168,1.8768934553931822,1.778870936413465,False,False
Persistence_lag1h,2023-07-03/2023-07-09,168,1.7858807103309688,1.9100106840797375,False,False
Persistence_lag1h,2023-07-10/2023-07-16,168,1.7395387243511,1.4338812895128938,False,False
Persistence_lag1h,2023-07-17/2023-07-23,168,1.8062099850091033,1.633235207023186,False,False
Persistence_lag1h,2023-07-24/2023-07-30,168,1.7541883548915542,1.7602612522303231,False,False
Persistence_lag1h,2023-07-31/2023-08-06,168,1.901669540005484,1.815681214717215,False,False
Persistence_lag1h,2023-08-07/2023-08-13,168,2.1857361308775367,1.900984021528815,False,False
Persistence_lag1h,2023-08-14/2023-08-20,168,2.8166073627970056,2.233363119773281,False,False
Persistence_lag1h,2023-08-21/2023-08-27,168,2.799396068890334,1.9372131486078457,False,False
Persistence_lag1h,2023-08-28/2023-09-03,168,2.6551443726565673,1.9271265829542712,False,False
Persistence_lag1h,2023-09-04/2023-09-10,168,2.3374368890084503,2.470750370372597,False,False
Persistence_lag1h,2023-09-11/2023-09-17,168,2.3649673378240967,2.406181359430942,False,False
Persistence_lag1h,2023-09-18/2023-09-24,168,1.9190076935254725,1.3586346723555611,False,False
Persistence_lag1h,2023-09-25/2023-10-01,168,1.835200060925743,1.4554849889318886,False,False
Persistence_lag1h,2023-10-02/2023-10-08,168,2.2324744664474596,1.2039829262297321,False,False
Persistence_lag1h,2023-10-09/2023-10-15,168,2.427792229096453,1.32989276543106,False,False
Persistence_lag1h,2023-10-16/2023-10-22,168,2.4770841685163556,1.6777531981125786,False,False
Persistence_lag1h,2023-10-23/2023-10-29,168,2.708109004380391,1.986180972791391,False,False
Persistence_lag1h,2023-10-30/2023-11-05,168,2.866457782804219,2.1125833984333386,False,False
Persistence_lag1h,2023-11-06/2023-11-12,168,3.158612918119959,2.259925755201329,False,False
Persistence_lag1h,2023-11-13/2023-11-19,168,3.450368456476025,2.8723903027656745,False,False
Persistence_lag1h,2023-11-20/2023-11-26,168,3.4654124821043832,3.1179747331743246,False,False
Persistence_lag1h,2023-11-27/2023-12-03,168,3.0149416869508614,2.6333900733688598,False,False
Persistence_lag1h,2023-12-04/2023-12-10,168,3.382570900844437,3.482644963610483,False,False
Persistence_lag1h,2023-12-11/2023-12-17,168,3.500089626778994,3.075533496172788,False,False
Persistence_lag1h,2023-12-18/2023-12-24,168,3.605707110546829,3.7824769591441605,False,False
Persistence_lag1h,2023-12-25/2023-12-31,168,3.55662828594593,3.77025281137554,False,False
Persistence_lag1h,2024-01-01/2024-01-07,168,3.5386515827211085,3.7653262237131018,False,False
Persistence_lag1h,2024-01-08/2024-01-14,168,3.3130946056896504,3.3526213862533445,False,False
Persistence_lag1h,2024-01-15/2024-01-21,168,3.506692888216212,4.245445607751463,False,False
Persistence_lag1h,2024-01-22/2024-01-28,168,3.411405201426691,4.207955060923651,False,False
Persistence_lag1h,2024-01-29/2024-02-04,168,3.3072707452664725,3.0797338411715844,False,False
Persistence_lag1h,2024-02-05/2024-02-11,168,3.278387054432196,3.3782749948603343,False,False
Persistence_lag1h,2024-02-12/2024-02-18,168,3.2747866169045174,3.178328844451018,False,False
Persistence_lag1h,2024-02-19/2024-02-25,168,2.893198170461037,2.865762508284299,False,False
Persistence_lag1h,2024-02-26/2024-03-03,168,2.896042351285596,2.551623813888078,False,False
Persistence_lag1h,2024-03-04/2024-03-10,168,2.90447885341623,2.5807604117040603,False,False
Persistence_lag1h,2024-03-11/2024-03-17,168,2.8770780153151407,2.2845098100877075,False,False
Persistence_lag1h,2024-03-18/2024-03-24,168,3.0606751904626552,2.110027791615479,False,False
Persistence_lag1h,2024-03-25/2024-03-31,168,3.0140984123839014,2.4861734644769027,False,False
Persistence_lag1h,2024-04-01/2024-04-07,168,2.817340797635391,2.898869884628904,False,False
Persistence_lag1h,2024-04-08/2024-04-14,168,2.8739607108904655,2.2489000693335472,False,False
Persistence_lag1h,2024-04-15/2024-04-21,168,3.0435561862812572,3.084157586146548,False,False
Persistence_lag1h,2024-04-22/2024-04-28,168,3.0037470083156217,2.3152730398148997,False,False
Persistence_lag1h,2024-04-29/2024-05-05,168,3.6635990179563462,4.612623745069894,False,False
Persistence_lag1h,2024-05-06/2024-05-12,168,3.6269313212790726,3.881034772227064,False,False
Persistence_lag1h,2024-05-13/2024-05-19,168,3.4323175566917006,3.5257462363187484,False,False
Persistence_lag1h,2024-05-20/2024-05-26,168,3.631747698355127,4.487476442591178,False,False
Persistence_lag1h,2024-05-27/2024-06-02,119,3.275048022139257,5.936418899748765,False,False
